<?xml version="1.0" encoding="utf-8"?>
<!DOCTYPE extension>
<extension type="file" version="2.5" method="upgrade">
	<name>Kunena Language - Romanian</name>
	<version>3.0.7</version>
	<creationDate>2015-02-01</creationDate>
	<build>@kunenaversionbuild@</build>
	<author>Kunena Team</author>
	<authorEmail>translations@kunena.org</authorEmail>
	<authorUrl>https://www.transifex.net/projects/p/Kunena/team/ro/</authorUrl>
	<copyright>(C) 2008 - 2015 Kunena Team. All rights reserved.</copyright>
	<license>GNU/GPL</license>
	<description>Romanian language file for Kunena Forum Component</description>

	<fileset>
		<files folder="admin" target="administrator/language/ro-RO">
			<filename>ro-RO.com_kunena.controllers.ini</filename>
			<filename>ro-RO.com_kunena.ini</filename>
			<filename>ro-RO.com_kunena.libraries.ini</filename>
			<filename>ro-RO.com_kunena.models.ini</filename>
			<filename>ro-RO.com_kunena.sys.ini</filename>
			<filename>ro-RO.com_kunena.views.ini</filename>
			<filename>ro-RO.plg_kunena_alphauserpoints.sys.ini</filename>
			<filename>ro-RO.plg_kunena_community.sys.ini</filename>
			<filename>ro-RO.plg_kunena_comprofiler.sys.ini</filename>
			<filename>ro-RO.plg_kunena_gravatar.sys.ini</filename>
			<filename>ro-RO.plg_kunena_joomla.sys.ini</filename>
			<filename>ro-RO.plg_kunena_kunena.sys.ini</filename>
			<filename>ro-RO.plg_kunena_uddeim.sys.ini</filename>
			<filename>ro-RO.plg_quickicon_kunena.sys.ini</filename>
			<filename>ro-RO.plg_system_kunena.sys.ini</filename>
		</files>
		<files folder="site" target="language/ro-RO">
			<filename>ro-RO.com_kunena.controllers.ini</filename>
			<filename>ro-RO.com_kunena.ini</filename>
			<filename>ro-RO.com_kunena.models.ini</filename>
			<filename>ro-RO.com_kunena.templates.ini</filename>
			<filename>ro-RO.com_kunena.tpl_blue_eagle.ini</filename>
			<filename>ro-RO.com_kunena.views.ini</filename>
		</files>
	</fileset>
</extension>
