<?xml version="1.0" encoding="utf-8"?>
<!DOCTYPE extension>
<extension version="2.5" type="plugin" group="quickicon" method="upgrade">
	<name>plg_quickicon_kunena</name>
	<version>3.0.7</version>
	<creationDate>2015-02-01</creationDate>
	<author>Kunena Team</author>
	<authorEmail>Kunena@kunena.org</authorEmail>
	<authorUrl>http://www.kunena.org</authorUrl>
	<copyright>www.kunena.org</copyright>
	<license>GNU/GPLv3 or later</license>
	<description>PLG_QUICKICON_KUNENA_DESC</description>
	<files>
		<filename plugin="kunena">kunena.php</filename>
		<filename>index.html</filename>
		<folder>language</folder>
	</files>
	<config>
		<fields name="params">
			<fieldset name="basic">
				<field name="context"
					   type="text"
					   default="mod_quickicon"
					   description="PLG_QUICKICON_KUNENA_GROUP_DESC"
					   label="PLG_QUICKICON_KUNENA_GROUP_LABEL"
						/>
			</fieldset>
		</fields>
	</config></extension>
