<?xml version="1.0" encoding="utf-8"?>
<!DOCTYPE extension>
<extension type="component" version="2.5" method="upgrade">
	<name>com_kunena</name>
	<version>3.0.7</version>
	<versionname>Galah</versionname>
	<creationDate>2015-02-01</creationDate>
	<author>Kunena Team</author>
	<authorEmail>kunena@kunena.org</authorEmail>
	<authorUrl>http://www.kunena.org</authorUrl>
	<copyright>(C) 2008 - 2015 Kunena Team. All rights reserved.</copyright>
	<license>GNU/GPLv3 or later</license>
	<description>COM_KUNENA_XML_DESCRIPTION</description>
	<scriptfile>install/install.script.php</scriptfile>
	<files folder="site">
		<filename>index.html</filename>
		<filename>jomsocial_rule.xml</filename>
		<filename>kunena.php</filename>
		<filename>router.php</filename>
		<folder>controllers</folder>
		<folder>language</folder>
		<folder>lib</folder>
		<folder>models</folder>
		<folder>template</folder>
		<folder>views</folder>
	</files>
	<administration>
		<menu view="cpanel" img="components/com_kunena/media/icons/favicons/kunena-logo-white.png">COM_KUNENA</menu>
		<submenu>
            <menu view="cpanel" img="components/com_kunena/media/icons/favicons/kunena-logo-white.png">COM_KUNENA_DASHBOARD</menu>
			<menu view="categories" img="components/com_kunena/media/icons/favicons/kunena-categories.png">COM_KUNENA_CATEGORY_MANAGER</menu>
			<menu view="users" img="components/com_kunena/media/icons/favicons/kunena-users.png">COM_KUNENA_USER_MANAGER</menu>
            <menu view="attachments" img="components/com_kunena/media/icons/favicons/kunena-files.png">COM_KUNENA_FILE_MANAGER</menu>
			<menu view="smilies" img="components/com_kunena/media/icons/favicons/kunena-smileys.png">COM_KUNENA_EMOTICON_MANAGER</menu>
			<menu view="ranks" img="components/com_kunena/media/icons/favicons/kunena-ranks.png">COM_KUNENA_RANK_MANAGER</menu>
            <menu view="templates" img="components/com_kunena/media/icons/favicons/kunena-templates.png">COM_KUNENA_TEMPLATE_MANAGER</menu>
            <menu view="config" img="components/com_kunena/media/icons/favicons/kunena-prune.png">COM_KUNENA_CONFIGURATION</menu>
            <menu view="plugins" img="components/com_kunena/media/icons/favicons/kunena-plugins.png">COM_KUNENA_PLUGIN_MANAGER</menu>
            <menu view="tools" img="components/com_kunena/media/icons/favicons/kunena-config.png">COM_KUNENA_FORUM_TOOLS</menu>
			<menu view="trash" img="components/com_kunena/media/icons/favicons/kunena-trash.png">COM_KUNENA_TRASH_MANAGER</menu>
		</submenu>
		<files>
			<filename>index.html</filename>
			<filename>api.php</filename>
			<filename>install.php</filename>
			<filename>kunena.php</filename>
			<filename>access.xml</filename>
			<filename>config.xml</filename>
			<folder>controllers</folder>
			<folder>images</folder>
			<folder>install</folder>
			<folder>language</folder>
			<folder>media</folder>
			<folder>models</folder>
			<folder>template</folder>
			<folder>views</folder>
		</files>
	</administration>
</extension>
